{"frames": {

"aircraft_1d_destroyed.png":
{
	"frame": {"x":451,"y":102,"w":57,"h":42},
	"rotated": false,
	"trimmed": false,
	"spriteSourceSize": {"x":0,"y":0,"w":57,"h":42},
	"sourceSize": {"w":57,"h":42}
},
"aircraft_2d_destroyed.png":
{
	"frame": {"x":2,"y":680,"w":63,"h":47},
	"rotated": false,
	"trimmed": false,
	"spriteSourceSize": {"x":0,"y":0,"w":63,"h":47},
	"sourceSize": {"w":63,"h":47}
},
"aircraft_3d_destroyed.png":
{
	"frame": {"x":368,"y":125,"w":81,"h":55},
	"rotated": false,
	"trimmed": false,
	"spriteSourceSize": {"x":0,"y":0,"w":81,"h":55},
	"sourceSize": {"w":81,"h":55}
},
"aircraft_3e_destroyed.png":
{
	"frame": {"x":368,"y":68,"w":81,"h":55},
	"rotated": false,
	"trimmed": false,
	"spriteSourceSize": {"x":0,"y":0,"w":81,"h":55},
	"sourceSize": {"w":81,"h":55}
},
"barrels_1.png":
{
	"frame": {"x":430,"y":738,"w":64,"h":64},
	"rotated": false,
	"trimmed": false,
	"spriteSourceSize": {"x":0,"y":0,"w":64,"h":64},
	"sourceSize": {"w":64,"h":64}
},
"barrels_2.png":
{
	"frame": {"x":364,"y":680,"w":64,"h":64},
	"rotated": false,
	"trimmed": false,
	"spriteSourceSize": {"x":0,"y":0,"w":64,"h":64},
	"sourceSize": {"w":64,"h":64}
},
"bush_1.png":
{
	"frame": {"x":102,"y":820,"w":64,"h":64},
	"rotated": false,
	"trimmed": false,
	"spriteSourceSize": {"x":0,"y":0,"w":64,"h":64},
	"sourceSize": {"w":64,"h":64}
},
"bush_big.png":
{
	"frame": {"x":368,"y":182,"w":128,"h":128},
	"rotated": false,
	"trimmed": false,
	"spriteSourceSize": {"x":0,"y":0,"w":128,"h":128},
	"sourceSize": {"w":128,"h":128}
},
"crates_1.png":
{
	"frame": {"x":168,"y":794,"w":64,"h":64},
	"rotated": false,
	"trimmed": false,
	"spriteSourceSize": {"x":0,"y":0,"w":64,"h":64},
	"sourceSize": {"w":64,"h":64}
},
"crates_2.png":
{
	"frame": {"x":102,"y":754,"w":64,"h":64},
	"rotated": false,
	"trimmed": false,
	"spriteSourceSize": {"x":0,"y":0,"w":64,"h":64},
	"sourceSize": {"w":64,"h":64}
},
"crates_3.png":
{
	"frame": {"x":331,"y":812,"w":64,"h":64},
	"rotated": false,
	"trimmed": false,
	"spriteSourceSize": {"x":0,"y":0,"w":64,"h":64},
	"sourceSize": {"w":64,"h":64}
},
"crates_4.png":
{
	"frame": {"x":265,"y":760,"w":64,"h":64},
	"rotated": false,
	"trimmed": false,
	"spriteSourceSize": {"x":0,"y":0,"w":64,"h":64},
	"sourceSize": {"w":64,"h":64}
},
"dirt_001.png":
{
	"frame": {"x":2,"y":480,"w":88,"h":68},
	"rotated": false,
	"trimmed": false,
	"spriteSourceSize": {"x":0,"y":0,"w":88,"h":68},
	"sourceSize": {"w":88,"h":68}
},
"dirt_002.png":
{
	"frame": {"x":2,"y":550,"w":88,"h":64},
	"rotated": false,
	"trimmed": false,
	"spriteSourceSize": {"x":0,"y":0,"w":88,"h":64},
	"sourceSize": {"w":88,"h":64}
},
"dirt_grass_hor_01.png":
{
	"frame": {"x":2,"y":272,"w":128,"h":104},
	"rotated": false,
	"trimmed": false,
	"spriteSourceSize": {"x":0,"y":0,"w":128,"h":104},
	"sourceSize": {"w":128,"h":104}
},
"dirt_grass_hor_02.png":
{
	"frame": {"x":2,"y":166,"w":128,"h":104},
	"rotated": false,
	"trimmed": false,
	"spriteSourceSize": {"x":0,"y":0,"w":128,"h":104},
	"sourceSize": {"w":128,"h":104}
},
"dirt_grass_vert.png":
{
	"frame": {"x":132,"y":36,"w":104,"h":128},
	"rotated": false,
	"trimmed": false,
	"spriteSourceSize": {"x":0,"y":0,"w":104,"h":128},
	"sourceSize": {"w":104,"h":128}
},
"dirt_road_hor.png":
{
	"frame": {"x":2,"y":2,"w":256,"h":32},
	"rotated": false,
	"trimmed": false,
	"spriteSourceSize": {"x":0,"y":0,"w":256,"h":32},
	"sourceSize": {"w":256,"h":32}
},
"dirt_road_vert.png":
{
	"frame": {"x":2,"y":738,"w":32,"h":256},
	"rotated": false,
	"trimmed": false,
	"spriteSourceSize": {"x":0,"y":0,"w":32,"h":256},
	"sourceSize": {"w":32,"h":256}
},
"grass_01.png":
{
	"frame": {"x":238,"y":68,"w":128,"h":128},
	"rotated": false,
	"trimmed": false,
	"spriteSourceSize": {"x":0,"y":0,"w":128,"h":128},
	"sourceSize": {"w":128,"h":128}
},
"grass_02.png":
{
	"frame": {"x":2,"y":36,"w":128,"h":128},
	"rotated": false,
	"trimmed": false,
	"spriteSourceSize": {"x":0,"y":0,"w":128,"h":128},
	"sourceSize": {"w":128,"h":128}
},
"road_1.png":
{
	"frame": {"x":234,"y":532,"w":64,"h":128},
	"rotated": false,
	"trimmed": false,
	"spriteSourceSize": {"x":0,"y":0,"w":64,"h":128},
	"sourceSize": {"w":64,"h":128}
},
"road_2.png":
{
	"frame": {"x":430,"y":608,"w":64,"h":128},
	"rotated": false,
	"trimmed": false,
	"spriteSourceSize": {"x":0,"y":0,"w":64,"h":128},
	"sourceSize": {"w":64,"h":128}
},
"road_3.png":
{
	"frame": {"x":364,"y":486,"w":64,"h":192},
	"rotated": false,
	"trimmed": false,
	"spriteSourceSize": {"x":0,"y":0,"w":64,"h":192},
	"sourceSize": {"w":64,"h":192}
},
"road_4.png":
{
	"frame": {"x":432,"y":414,"w":64,"h":192},
	"rotated": false,
	"trimmed": false,
	"spriteSourceSize": {"x":0,"y":0,"w":64,"h":192},
	"sourceSize": {"w":64,"h":192}
},
"road_5.png":
{
	"frame": {"x":260,"y":2,"w":192,"h":64},
	"rotated": false,
	"trimmed": false,
	"spriteSourceSize": {"x":0,"y":0,"w":192,"h":64},
	"sourceSize": {"w":192,"h":64}
},
"road_asphalt_clean_hor.png":
{
	"frame": {"x":364,"y":312,"w":128,"h":100},
	"rotated": false,
	"trimmed": false,
	"spriteSourceSize": {"x":0,"y":0,"w":128,"h":100},
	"sourceSize": {"w":128,"h":100}
},
"road_asphalt_clean_to_damaged_hor.png":
{
	"frame": {"x":234,"y":300,"w":128,"h":100},
	"rotated": false,
	"trimmed": false,
	"spriteSourceSize": {"x":0,"y":0,"w":128,"h":100},
	"sourceSize": {"w":128,"h":100}
},
"road_asphalt_clean_to_damaged_vert.png":
{
	"frame": {"x":132,"y":426,"w":100,"h":128},
	"rotated": false,
	"trimmed": false,
	"spriteSourceSize": {"x":0,"y":0,"w":100,"h":128},
	"sourceSize": {"w":100,"h":128}
},
"road_asphalt_clean_vert.png":
{
	"frame": {"x":234,"y":402,"w":100,"h":128},
	"rotated": false,
	"trimmed": false,
	"spriteSourceSize": {"x":0,"y":0,"w":100,"h":128},
	"sourceSize": {"w":100,"h":128}
},
"road_asphalt_damaged_hor.png":
{
	"frame": {"x":2,"y":378,"w":128,"h":100},
	"rotated": false,
	"trimmed": false,
	"spriteSourceSize": {"x":0,"y":0,"w":128,"h":100},
	"sourceSize": {"w":128,"h":100}
},
"road_asphalt_damaged_to_clean_hor.png":
{
	"frame": {"x":234,"y":198,"w":128,"h":100},
	"rotated": false,
	"trimmed": false,
	"spriteSourceSize": {"x":0,"y":0,"w":128,"h":100},
	"sourceSize": {"w":128,"h":100}
},
"road_asphalt_damaged_to_clean_vert.png":
{
	"frame": {"x":132,"y":296,"w":100,"h":128},
	"rotated": false,
	"trimmed": false,
	"spriteSourceSize": {"x":0,"y":0,"w":100,"h":128},
	"sourceSize": {"w":100,"h":128}
},
"road_asphalt_damaged_vert.png":
{
	"frame": {"x":132,"y":166,"w":100,"h":128},
	"rotated": false,
	"trimmed": false,
	"spriteSourceSize": {"x":0,"y":0,"w":100,"h":128},
	"sourceSize": {"w":100,"h":128}
},
"road_corner_1.png":
{
	"frame": {"x":199,"y":728,"w":64,"h":64},
	"rotated": false,
	"trimmed": false,
	"spriteSourceSize": {"x":0,"y":0,"w":64,"h":64},
	"sourceSize": {"w":64,"h":64}
},
"road_corner_2.png":
{
	"frame": {"x":133,"y":688,"w":64,"h":64},
	"rotated": false,
	"trimmed": false,
	"spriteSourceSize": {"x":0,"y":0,"w":64,"h":64},
	"sourceSize": {"w":64,"h":64}
},
"road_corner_3.png":
{
	"frame": {"x":67,"y":688,"w":64,"h":64},
	"rotated": false,
	"trimmed": false,
	"spriteSourceSize": {"x":0,"y":0,"w":64,"h":64},
	"sourceSize": {"w":64,"h":64}
},
"road_corner_4.png":
{
	"frame": {"x":36,"y":760,"w":64,"h":64},
	"rotated": false,
	"trimmed": false,
	"spriteSourceSize": {"x":0,"y":0,"w":64,"h":64},
	"sourceSize": {"w":64,"h":64}
},
"rock_010.png":
{
	"frame": {"x":364,"y":414,"w":66,"h":70},
	"rotated": false,
	"trimmed": false,
	"spriteSourceSize": {"x":0,"y":0,"w":66,"h":70},
	"sourceSize": {"w":66,"h":70}
},
"rock_1.png":
{
	"frame": {"x":36,"y":936,"w":64,"h":64},
	"rotated": false,
	"trimmed": false,
	"spriteSourceSize": {"x":0,"y":0,"w":64,"h":64},
	"sourceSize": {"w":64,"h":64}
},
"rock_2.png":
{
	"frame": {"x":36,"y":870,"w":64,"h":64},
	"rotated": false,
	"trimmed": false,
	"spriteSourceSize": {"x":0,"y":0,"w":64,"h":64},
	"sourceSize": {"w":64,"h":64}
},
"rock_3.png":
{
	"frame": {"x":428,"y":804,"w":64,"h":64},
	"rotated": false,
	"trimmed": false,
	"spriteSourceSize": {"x":0,"y":0,"w":64,"h":64},
	"sourceSize": {"w":64,"h":64}
},
"rock_4.png":
{
	"frame": {"x":362,"y":746,"w":64,"h":64},
	"rotated": false,
	"trimmed": false,
	"spriteSourceSize": {"x":0,"y":0,"w":64,"h":64},
	"sourceSize": {"w":64,"h":64}
},
"rock_5.png":
{
	"frame": {"x":296,"y":694,"w":64,"h":64},
	"rotated": false,
	"trimmed": false,
	"spriteSourceSize": {"x":0,"y":0,"w":64,"h":64},
	"sourceSize": {"w":64,"h":64}
},
"rock_6.png":
{
	"frame": {"x":230,"y":662,"w":64,"h":64},
	"rotated": false,
	"trimmed": false,
	"spriteSourceSize": {"x":0,"y":0,"w":64,"h":64},
	"sourceSize": {"w":64,"h":64}
},
"rock_7.png":
{
	"frame": {"x":164,"y":622,"w":64,"h":64},
	"rotated": false,
	"trimmed": false,
	"spriteSourceSize": {"x":0,"y":0,"w":64,"h":64},
	"sourceSize": {"w":64,"h":64}
},
"rock_8.png":
{
	"frame": {"x":98,"y":622,"w":64,"h":64},
	"rotated": false,
	"trimmed": false,
	"spriteSourceSize": {"x":0,"y":0,"w":64,"h":64},
	"sourceSize": {"w":64,"h":64}
},
"rock_9.png":
{
	"frame": {"x":128,"y":556,"w":64,"h":64},
	"rotated": false,
	"trimmed": false,
	"spriteSourceSize": {"x":0,"y":0,"w":64,"h":64},
	"sourceSize": {"w":64,"h":64}
},
"tank1_body_destroyed.png":
{
	"frame": {"x":92,"y":480,"w":34,"h":48},
	"rotated": false,
	"trimmed": false,
	"spriteSourceSize": {"x":0,"y":0,"w":34,"h":48},
	"sourceSize": {"w":34,"h":48}
},
"tank1b_body_destroyed.png":
{
	"frame": {"x":92,"y":530,"w":34,"h":48},
	"rotated": false,
	"trimmed": false,
	"spriteSourceSize": {"x":0,"y":0,"w":34,"h":48},
	"sourceSize": {"w":34,"h":48}
},
"tank2_body_destroyed.png":
{
	"frame": {"x":454,"y":2,"w":42,"h":48},
	"rotated": false,
	"trimmed": false,
	"spriteSourceSize": {"x":0,"y":0,"w":42,"h":48},
	"sourceSize": {"w":42,"h":48}
},
"tank2b_body_destroyed.png":
{
	"frame": {"x":454,"y":52,"w":42,"h":48},
	"rotated": false,
	"trimmed": false,
	"spriteSourceSize": {"x":0,"y":0,"w":42,"h":48},
	"sourceSize": {"w":42,"h":48}
},
"tank3_body_destroyed.png":
{
	"frame": {"x":336,"y":525,"w":26,"h":39},
	"rotated": false,
	"trimmed": false,
	"spriteSourceSize": {"x":0,"y":0,"w":26,"h":39},
	"sourceSize": {"w":26,"h":39}
},
"tank3b_body_destroyed.png":
{
	"frame": {"x":336,"y":484,"w":26,"h":39},
	"rotated": false,
	"trimmed": false,
	"spriteSourceSize": {"x":0,"y":0,"w":26,"h":39},
	"sourceSize": {"w":26,"h":39}
},
"tank3c_body_destroyed.png":
{
	"frame": {"x":336,"y":443,"w":26,"h":39},
	"rotated": false,
	"trimmed": false,
	"spriteSourceSize": {"x":0,"y":0,"w":26,"h":39},
	"sourceSize": {"w":26,"h":39}
},
"tank3d_body_destroyed.png":
{
	"frame": {"x":336,"y":402,"w":26,"h":39},
	"rotated": false,
	"trimmed": false,
	"spriteSourceSize": {"x":0,"y":0,"w":26,"h":39},
	"sourceSize": {"w":26,"h":39}
},
"truck1_destroyed.png":
{
	"frame": {"x":2,"y":616,"w":30,"h":62},
	"rotated": false,
	"trimmed": false,
	"spriteSourceSize": {"x":0,"y":0,"w":30,"h":62},
	"sourceSize": {"w":30,"h":62}
},
"truck1b_destroyed.png":
{
	"frame": {"x":332,"y":630,"w":30,"h":62},
	"rotated": false,
	"trimmed": false,
	"spriteSourceSize": {"x":0,"y":0,"w":30,"h":62},
	"sourceSize": {"w":30,"h":62}
},
"truck1c_destroyed.png":
{
	"frame": {"x":300,"y":596,"w":30,"h":62},
	"rotated": false,
	"trimmed": false,
	"spriteSourceSize": {"x":0,"y":0,"w":30,"h":62},
	"sourceSize": {"w":30,"h":62}
},
"truck2_destroyed.png":
{
	"frame": {"x":332,"y":566,"w":30,"h":62},
	"rotated": false,
	"trimmed": false,
	"spriteSourceSize": {"x":0,"y":0,"w":30,"h":62},
	"sourceSize": {"w":30,"h":62}
},
"truck2b_destroyed.png":
{
	"frame": {"x":300,"y":532,"w":30,"h":62},
	"rotated": false,
	"trimmed": false,
	"spriteSourceSize": {"x":0,"y":0,"w":30,"h":62},
	"sourceSize": {"w":30,"h":62}
},
"truck2c_destroyed.png":
{
	"frame": {"x":66,"y":616,"w":30,"h":62},
	"rotated": false,
	"trimmed": false,
	"spriteSourceSize": {"x":0,"y":0,"w":30,"h":62},
	"sourceSize": {"w":30,"h":62}
},
"truck3_destroyed.png":
{
	"frame": {"x":34,"y":616,"w":30,"h":62},
	"rotated": false,
	"trimmed": false,
	"spriteSourceSize": {"x":0,"y":0,"w":30,"h":62},
	"sourceSize": {"w":30,"h":62}
}},
"meta": {
	"app": "http://www.texturepacker.com",
	"version": "1.0",
	"image": "decor.png",
	"format": "RGBA8888",
	"size": {"w":512,"h":1024},
	"scale": "1",
	"smartupdate": "$TexturePacker:SmartUpdate:2e6b6964f24c7abfaa85a804e2dc1b05$"
}
}
